{"_step":500,"val/sanity_wer_rank_0":83.38235294117646,"train/indices_rank_0":[3996,3997,3998,3999],"_wandb":{"runtime":347},"train/lr_rank_0":2.9999999999999997e-05,"_runtime":347.007007996,"_timestamp":1.7666950813096528e+09,"val/sanity_loss_rank_0":4402.1025390625,"val/predictions":{"ncols":2,"log_mode":"IMMUTABLE","_latest_artifact_path":"wandb-client-artifact://02dx9a1yng4r1b25t1sonc6d4meohgygba17f5rnsryyz9m6caut7rxjoac2dzuhfocbyyrfha2rxdrocuutjf0vxabd2a3wbkvja61j63e9bg0fzh7cy2kgdy6bmgms:latest/val/predictions.table.json","path":"media/table/val/predictions_500_0c80301a4bc5c658916c.table.json","sha256":"0c80301a4bc5c658916c269fa569d1729f2f4753c5e0e7375c48573f89e4413a","artifact_path":"wandb-client-artifact://izew7ueb7mynkcay7s3zgldmmmn89qlncpma3iond0x12ewjpesboih6g6msefic804qq2nqtqunfk5ixdhi7m352kk704kxtpibeufe4ls3wiptg1nanw2vjn7dczyh/val/predictions.table.json","size":240,"_type":"table-file","nrows":2},"train/loss_rank_0":114.26985168457031}